{
  "hands": [
    {
      "points_normalized": [
        [
          0.33781999349594116,
          0.11040999740362167
        ],
        [
          0.41741999983787537,
          0.10407000035047531
        ],
        [
          0.4726699888706207,
          0.13258999586105347
        ],
        [
          0.5071300268173218,
          0.16532999277114868
        ],
        [
          0.5356400012969971,
          0.18222999572753906
        ],
        [
          0.46553999185562134,
          0.16955000162124634
        ],
        [
          0.5077199935913086,
          0.26883000135421753
        ],
        [
          0.5172299742698669,
          0.29311999678611755
        ],
        [
          0.5261399745941162,
          0.3216400146484375
        ],
        [
          0.43702998757362366,
          0.22447000443935394
        ],
        [
          0.4756399989128113,
          0.3057900071144104
        ],
        [
          0.49584001302719116,
          0.3216400146484375
        ],
        [
          0.5089100003242493,
          0.3522599935531616
        ],
        [
          0.4138599932193756,
          0.2635500133037567
        ],
        [
          0.4494999945163727,
          0.32903000712394714
        ],
        [
          0.46316999197006226,
          0.3406499922275543
        ],
        [
          0.38534000515937805,
          0.30156999826431274
        ],
        [
          0.410290002822876,
          0.37867000699043274
        ],
        [
          0.4233599901199341,
          0.4293600022792816
        ],
        [
          0.4340600073337555,
          0.4864000082015991
        ]
      ],
      "scores": [
        0.2770000100135803,
        0.1800999939441681,
        0.3483999967575073,
        0.4496999979019165,
        0.5379999876022339,
        0.33059999346733093,
        0.2721000015735626,
        0.26829999685287476,
        0.21799999475479126,
        0.3440000116825104,
        0.35899999737739563,
        0.27410000562667847,
        0.17139999568462372,
        0.3098999857902527,
        0.39570000767707825,
        0.23680000007152557,
        0.3215000033378601,
        0.3743000030517578,
        0.3529999852180481,
        0.3398999869823456
      ]
    }
  ],
  "eyes": [],
  "effects": [],
  "counts": {
    "hands": 1,
    "eyes": 0,
    "effect_regions": 0
  }
}