{
  "hands": [
    {
      "points_normalized": [
        [
          0.3558399975299835,
          0.8271999955177307
        ],
        [
          0.42096999287605286,
          0.8226600289344788
        ],
        [
          0.4848099946975708,
          0.8022300004959106
        ],
        [
          0.524399995803833,
          0.8408200144767761
        ],
        [
          0.5716400146484375,
          0.8998399972915649
        ],
        [
          0.3839400112628937,
          0.4844200015068054
        ],
        [
          0.41714000701904297,
          0.30281001329421997
        ],
        [
          0.4273500144481659,
          0.15298999845981598
        ],
        [
          0.45416998863220215,
          0.05084000155329704
        ],
        [
          0.3086000084877014,
          0.45945000648498535
        ],
        [
          0.29455000162124634,
          0.26875999569892883
        ],
        [
          0.29071998596191406,
          0.13255999982357025
        ],
        [
          0.2843399941921234,
          -0.008179999887943268
        ],
        [
          0.2447499930858612,
          0.5343599915504456
        ],
        [
          0.18602000176906586,
          0.40042999386787415
        ],
        [
          0.12345000356435776,
          0.2869200110435486
        ],
        [
          0.07875999808311462,
          0.1439100056886673
        ],
        [
          0.20771999657154083,
          0.6501299738883972
        ],
        [
          0.1540900021791458,
          0.654670000076294
        ],
        [
          0.10939999669790268,
          0.6433200240135193
        ],
        [
          0.0723700001835823,
          0.6024600267410278
        ]
      ],
      "scores": [
        0.31209999322891235,
        0.39500001072883606,
        0.45179998874664307,
        0.5662999749183655,
        0.64410001039505,
        0.3984000086784363,
        0.4562999904155731,
        0.4691999852657318,
        0.30390000343322754,
        0.4268999993801117,
        0.5784000158309937,
        0.6182000041007996,
        0.5231000185012817,
        0.5166000127792358,
        0.6054999828338623,
        0.6825000047683716,
        0.7128000259399414,
        0.57669997215271,
        0.651199996471405,
        0.6575000286102295,
        0.6047000288963318
      ]
    }
  ],
  "eyes": [
    {
      "points_normalized": [
        [
          0.43055999279022217,
          0.4389500021934509
        ],
        [
          0.43303000926971436,
          0.44056999683380127
        ],
        [
          0.43571001291275024,
          0.4413599967956543
        ],
        [
          0.4393100142478943,
          0.4422999918460846
        ],
        [
          0.4445599913597107,
          0.4434800148010254
        ],
        [
          0.4495899975299835,
          0.4447000026702881
        ],
        [
          0.454259991645813,
          0.4459899961948395
        ],
        [
          0.45763999223709106,
          0.4473699927330017
        ],
        [
          0.45927000045776367,
          0.4475499987602234
        ],
        [
          0.4576700031757355,
          0.44398000836372375
        ],
        [
          0.45399999618530273,
          0.4383699893951416
        ],
        [
          0.4489800035953522,
          0.43274998664855957
        ],
        [
          0.44405001401901245,
          0.43004000186920166
        ],
        [
          0.43876001238822937,
          0.4305199980735779
        ],
        [
          0.43498000502586365,
          0.43314000964164734
        ],
        [
          0.43255001306533813,
          0.4359999895095825
        ],
        [
          0.5216000080108643,
          0.462119996547699
        ],
        [
          0.5192800164222717,
          0.4627799987792969
        ],
        [
          0.5168600082397461,
          0.46198999881744385
        ],
        [
          0.5139899849891663,
          0.4607200026512146
        ],
        [
          0.5097000002861023,
          0.4592199921607971
        ],
        [
          0.5052499771118164,
          0.45750999450683594
        ],
        [
          0.5016700029373169,
          0.45605000853538513
        ],
        [
          0.4988900125026703,
          0.45532000064849854
        ],
        [
          0.4973500072956085,
          0.4544700086116791
        ],
        [
          0.49917998909950256,
          0.45159998536109924
        ],
        [
          0.5026500225067139,
          0.4477199912071228
        ],
        [
          0.507420003414154,
          0.44538000226020813
        ],
        [
          0.5123400092124939,
          0.4456700086593628
        ],
        [
          0.5166599750518799,
          0.44898998737335205
        ],
        [
          0.5194100141525269,
          0.4536699950695038
        ],
        [
          0.5208500027656555,
          0.45809000730514526
        ],
        [
          0.44415000081062317,
          0.43751001358032227
        ],
        [
          0.45019999146461487,
          0.4393799901008606
        ],
        [
          0.4449999928474426,
          0.42983999848365784
        ],
        [
          0.43810999393463135,
          0.43632999062538147
        ],
        [
          0.4433099925518036,
          0.4461100101470947
        ],
        [
          0.5096200108528137,
          0.45245999097824097
        ],
        [
          0.5145300030708313,
          0.4543899893760681
        ],
        [
          0.5102699995040894,
          0.4447900056838989
        ],
        [
          0.5041800141334534,
          0.45094001293182373
        ],
        [
          0.5084499716758728,
          0.46055999398231506
        ]
      ],
      "scores": [
        1.0,
        1.0,
        1.0,
        1.0,
        1.0,
        1.0,
        1.0,
        1.0,
        1.0,
        1.0,
        1.0,
        1.0,
        1.0,
        1.0,
        1.0,
        1.0,
        1.0,
        1.0,
        1.0,
        1.0,
        1.0,
        1.0,
        1.0,
        1.0,
        1.0,
        1.0,
        1.0,
        1.0,
        1.0,
        1.0,
        1.0,
        1.0,
        1.0,
        1.0,
        1.0,
        1.0,
        1.0,
        1.0,
        1.0,
        1.0,
        1.0,
        1.0
      ]
    }
  ],
  "effects": [
    {
      "bbox": [
        542,
        14,
        266,
        437
      ],
      "area": 42815
    },
    {
      "bbox": [
        27,
        516,
        122,
        114
      ],
      "area": 7267
    },
    {
      "bbox": [
        1132,
        581,
        128,
        110
      ],
      "area": 6789
    },
    {
      "bbox": [
        1034,
        583,
        103,
        75
      ],
      "area": 3284
    },
    {
      "bbox": [
        682,
        479,
        72,
        122
      ],
      "area": 2634
    },
    {
      "bbox": [
        872,
        11,
        93,
        87
      ],
      "area": 2550
    },
    {
      "bbox": [
        617,
        339,
        49,
        93
      ],
      "area": 1684
    },
    {
      "bbox": [
        750,
        561,
        49,
        79
      ],
      "area": 1611
    }
  ],
  "counts": {
    "hands": 1,
    "eyes": 1,
    "effect_regions": 8
  }
}