{
  "hands": [
    {
      "points_normalized": [
        [
          0.12684999406337738,
          0.43112000823020935
        ],
        [
          0.12684999406337738,
          0.4428499937057495
        ],
        [
          0.12912000715732574,
          0.4568299949169159
        ],
        [
          0.12912000715732574,
          0.4687800109386444
        ],
        [
          0.1276099979877472,
          0.4793800115585327
        ],
        [
          0.10417000204324722,
          0.4674200117588043
        ],
        [
          0.09132000058889389,
          0.4793800115585327
        ],
        [
          0.07771000266075134,
          0.48996999859809875
        ],
        [
          0.0644799992442131,
          0.49740999937057495
        ],
        [
          0.11248999834060669,
          0.46810001134872437
        ],
        [
          0.12004999816417694,
          0.48162999749183655
        ],
        [
          0.1219400018453598,
          0.49268001317977905
        ],
        [
          0.12042000144720078,
          0.5028300285339355
        ],
        [
          0.12307000160217285,
          0.4656200110912323
        ],
        [
          0.12912000715732574,
          0.47554001212120056
        ],
        [
          0.13932999968528748,
          0.48816999793052673
        ],
        [
          0.14764000475406647,
          0.49696001410484314
        ],
        [
          0.13366000354290009,
          0.462009996175766
        ],
        [
          0.13932999968528748,
          0.4687800109386444
        ],
        [
          0.14385999739170074,
          0.47508999705314636
        ],
        [
          0.14952999353408813,
          0.4809499979019165
        ]
      ],
      "scores": [
        0.257099986076355,
        0.3840999901294708,
        0.37619999051094055,
        0.3488999903202057,
        0.3264999985694885,
        0.3172000050544739,
        0.4620000123977661,
        0.4828000068664551,
        0.6331999897956848,
        0.31130000948905945,
        0.4291999936103821,
        0.3928000032901764,
        0.4068000018596649,
        0.3125999867916107,
        0.38119998574256897,
        0.460099995136261,
        0.4681999981403351,
        0.26089999079704285,
        0.3312000036239624,
        0.35409998893737793,
        0.42730000615119934
      ]
    },
    {
      "points_normalized": [
        [
          0.7391700148582458,
          0.5400500297546387
        ],
        [
          0.7430300116539001,
          0.5540199875831604
        ],
        [
          0.752810001373291,
          0.5637500286102295
        ],
        [
          0.7700099945068359,
          0.5695800185203552
        ],
        [
          0.7842400074005127,
          0.5757700204849243
        ],
        [
          0.7789000272750854,
          0.559499979019165
        ],
        [
          0.7969899773597717,
          0.567110002040863
        ],
        [
          0.8103299736976624,
          0.5709999799728394
        ],
        [
          0.8254500031471252,
          0.5745400190353394
        ],
        [
          0.784529983997345,
          0.5565000176429749
        ],
        [
          0.8005399703979492,
          0.5621600151062012
        ],
        [
          0.8123999834060669,
          0.5660499930381775
        ],
        [
          0.8266299962997437,
          0.5690500140190125
        ],
        [
          0.7860199809074402,
          0.5543799996376038
        ],
        [
          0.8002499938011169,
          0.5586199760437012
        ],
        [
          0.8112199902534485,
          0.5614500045776367
        ],
        [
          0.8245599865913391,
          0.5641000270843506
        ],
        [
          0.7860199809074402,
          0.5504900217056274
        ],
        [
          0.7969899773597717,
          0.5540199875831604
        ],
        [
          0.8055800199508667,
          0.5559700131416321
        ],
        [
          0.813289999961853,
          0.5575600266456604
        ]
      ],
      "scores": [
        0.41119998693466187,
        0.38440001010894775,
        0.400299996137619,
        0.3986000120639801,
        0.47699999809265137,
        0.26840001344680786,
        0.41339999437332153,
        0.4641999900341034,
        0.5665000081062317,
        0.29840001463890076,
        0.4562000036239624,
        0.48240000009536743,
        0.4625000059604645,
        0.29760000109672546,
        0.44429999589920044,
        0.4884999990463257,
        0.48660001158714294,
        0.29829999804496765,
        0.35580000281333923,
        0.4431000053882599,
        0.4936999976634979
      ]
    }
  ],
  "eyes": [],
  "effects": [
    {
      "bbox": [
        566,
        552,
        110,
        123
      ],
      "area": 5829
    }
  ],
  "counts": {
    "hands": 2,
    "eyes": 0,
    "effect_regions": 1
  }
}